NAME20,UZA_type,len_tot_mi,pct
"Boston, MA--NH",Pop: GTE 50k,582.069,0.6713542799386176
NonUZA,NonUZA,86.938,0.10027405030050383
"Providence, RI--MA",Pop: GTE 50k,85.515,0.0986322557777287
"Barnstable Town, MA",Pop: GTE 50k,58.784,0.06780099583365287
"Worcester, MA--CT",Pop: GTE 50k,26.554,0.030626802580193024
"Leominster--Fitchburg, MA",Pop: GTE 50k,22.91,0.026424371345644185
"Ipswich, MA",Pop: LT 50k,4.237,0.004887244223659791
