NAME20,UZA_type,len_tot_mi,pct
"Boston, MA--NH",Pop: GTE 50k,598.675,0.7080722719139939
"Providence, RI--MA",Pop: GTE 50k,94.051,0.11123727130967058
NonUZA,NonUZA,85.804,0.10148261777182513
"Worcester, MA--CT",Pop: GTE 50k,26.554,0.03140588296693431
"Leominster--Fitchburg, MA",Pop: GTE 50k,22.91,0.027096550865313495
"New Bedford, MA",Pop: GTE 50k,13.269,0.015693839903012204
"Ipswich, MA",Pop: LT 50k,4.237,0.005011565269250441
